{
  "manifest_version": 3,
  "name": "__MSG_extensionName__",
  "description": "__MSG_extensionDescription__",
  "default_locale": "en",
  "version": "1.1.0",
  "icons": {
    "128": "/assets/icons/icon128.png"
  },
  "action": {
    "default_popup": "popup.html",
    "default_icon": {
      "128": "/assets/icons/icon128.png"
    }
  },
  "web_accessible_resources": [
    {
      "resources": [
        "/assets/img/logo.svg",
        "/assets/graphs/pieces/*.css",
        "/assets/img/br_main/emerald.png",
        "/assets/img/br_main/industrial.png",
        "/assets/graphs/boards/emerald.css",
        "/assets/graphs/boards/industrial.css",
        "/assets/graphs/img/cup-border.png",
        "/assets/graphs/focus_mode.css",
        "/assets/graphs/block_images.css",
        "/assets/graphs/block_videos.css",
        "/assets/graphs/square_shaped.css",
        "/assets/graphs/disable_aboutme.css",
        "/assets/graphs/board_100vh.css",
        "/assets/graphs/aside_hide.css",
        "/assets/graphs/aside_smaller.css",
        "/assets/graphs/aside_grayscale.css",
        "/assets/graphs/hide_evaluation.css",
        "/assets/graphs/add_hyperbullet.css",
        "/assets/graphs/coor_bigger.css",
        "/assets/graphs/coor_each.css",
        "/assets/graphs/bigger_controls.css",
        "/assets/graphs/disable_cursor.css",
        "/assets/graphs/disable_chat.css",
        "/assets/graphs/disable_chat_unless.css",
        "/assets/graphs/reload_disconnect.css",
        "/assets/graphs/single_resign.css",
        "/assets/graphs/add_fullscreen.css",
        "/assets/graphs/coor_each__less.css",
        "/assets/graphs/fonts/roboto.css",
        "/assets/graphs/fonts/poppins.css",
        "/assets/graphs/fonts/caprasimo.css",
        "/assets/graphs/fonts/playfair.css",
        "/assets/graphs/fonts/merriweather.css",
        "/assets/graphs/fonts/noto_sans.css",
        "/assets/graphs/fonts/nunito.css",
        "/assets/graphs/fonts/montserrat.css",
        "/assets/graphs/fonts/pixelify.css",
        "/assets/graphs/fonts/gabarito.css",
        "/assets/graphs/fonts/roboto_condensed.css",
        "/assets/graphs/fonts/inter.css",
        "/assets/graphs/themes/night_owl.css",
        "/assets/graphs/themes/purple_dark.css",
        "/assets/graphs/themes/ws_type.css",
        "/assets/graphs/themes/kittens.css",
        "/assets/graphs/themes/srl.css",
        "/assets/graphs/themes/amoled.css",
        "/assets/graphs/pieces/anime.css",
        "/assets/graphs/pieces/itchy.css",
        "/assets/graphs/pieces/itchy2.css",
        "/assets/graphs/pieces/dani_maccari.css",
        "/assets/img/anime_st/wp.png",
        "/assets/img/anime_st/wn.png",
        "/assets/img/anime_st/wr.png",
        "/assets/img/anime_st/wb.png",
        "/assets/img/anime_st/wq.png",
        "/assets/img/anime_st/wk.png",
        "/assets/img/anime_st/bp.png",
        "/assets/img/anime_st/bn.png",
        "/assets/img/anime_st/bb.png",
        "/assets/img/anime_st/br.png",
        "/assets/img/anime_st/bq.png",
        "/assets/img/anime_st/bk.png",
        "/assets/img/anime_st/board.png",
        "/assets/img/anime_st/board_preview.png",
        "/assets/img/dani_maccari/wp.png",
        "/assets/img/dani_maccari/wn.png",
        "/assets/img/dani_maccari/wr.png",
        "/assets/img/dani_maccari/wb.png",
        "/assets/img/dani_maccari/wq.png",
        "/assets/img/dani_maccari/wk.png",
        "/assets/img/dani_maccari/bp.png",
        "/assets/img/dani_maccari/bn.png",
        "/assets/img/dani_maccari/bb.png",
        "/assets/img/dani_maccari/br.png",
        "/assets/img/dani_maccari/bq.png",
        "/assets/img/dani_maccari/bk.png",
        "/assets/img/dani_maccari/board.png",
        "/assets/img/dani_maccari/board_preview.png",
        "/assets/graphs/pieces/kiwen_suwi.css",
        "/assets/img/kiwen_suwi/wp.svg",
        "/assets/img/kiwen_suwi/wn.svg",
        "/assets/img/kiwen_suwi/wr.svg",
        "/assets/img/kiwen_suwi/wb.svg",
        "/assets/img/kiwen_suwi/wq.svg",
        "/assets/img/kiwen_suwi/wk.svg",
        "/assets/img/kiwen_suwi/bp.svg",
        "/assets/img/kiwen_suwi/bn.svg",
        "/assets/img/kiwen_suwi/bb.svg",
        "/assets/img/kiwen_suwi/br.svg",
        "/assets/img/kiwen_suwi/bq.svg",
        "/assets/img/kiwen_suwi/bk.svg",
        "/assets/img/**/*.png",
        "/assets/img/mom_still_loves_them/wn.png",
        "/assets/img/mom_still_loves_them/wr.png",
        "/assets/img/mom_still_loves_them/wb.png",
        "/assets/img/mom_still_loves_them/wq.png",
        "/assets/img/mom_still_loves_them/wk.png",
        "/assets/img/mom_still_loves_them/bp.png",
        "/assets/img/mom_still_loves_them/bn.png",
        "/assets/img/mom_still_loves_them/bb.png",
        "/assets/img/mom_still_loves_them/br.png",
        "/assets/img/mom_still_loves_them/bq.png",
        "/assets/img/mom_still_loves_them/bk.png",
        "/assets/graphs/pieces/pjaworski.css",
        "/assets/img/pjaworski/wp.png",
        "/assets/img/pjaworski/wn.png",
        "/assets/img/pjaworski/wr.png",
        "/assets/img/pjaworski/wb.png",
        "/assets/img/pjaworski/wq.png",
        "/assets/img/pjaworski/wk.png",
        "/assets/img/pjaworski/bp.png",
        "/assets/img/pjaworski/bn.png",
        "/assets/img/pjaworski/bb.png",
        "/assets/img/pjaworski/br.png",
        "/assets/img/pjaworski/bq.png",
        "/assets/img/pjaworski/bk.png",
        "/assets/graphs/pieces/pjaworski_purple.css",
        "/assets/img/pjaworski_purple/wp.png",
        "/assets/img/pjaworski_purple/wn.png",
        "/assets/img/pjaworski_purple/wr.png",
        "/assets/img/pjaworski_purple/wb.png",
        "/assets/img/pjaworski_purple/wq.png",
        "/assets/img/pjaworski_purple/wk.png",
        "/assets/img/pjaworski_purple/bp.png",
        "/assets/img/pjaworski_purple/bn.png",
        "/assets/img/pjaworski_purple/bb.png",
        "/assets/img/pjaworski_purple/br.png",
        "/assets/img/pjaworski_purple/bq.png",
        "/assets/img/pjaworski_purple/bk.png",
        "/assets/graphs/pieces/pjaworski_pink.css",
        "/assets/img/pjaworski_pink/wp.png",
        "/assets/img/pjaworski_pink/wn.png",
        "/assets/img/pjaworski_pink/wr.png",
        "/assets/img/pjaworski_pink/wb.png",
        "/assets/img/pjaworski_pink/wq.png",
        "/assets/img/pjaworski_pink/wk.png",
        "/assets/img/pjaworski_pink/bp.png",
        "/assets/img/pjaworski_pink/bn.png",
        "/assets/img/pjaworski_pink/bb.png",
        "/assets/img/pjaworski_pink/br.png",
        "/assets/img/pjaworski_pink/bq.png",
        "/assets/img/pjaworski_pink/bk.png",
        "/assets/graphs/pieces/pjaworski_metal.css",
        "/assets/img/pjaworski_metal/wp.png",
        "/assets/img/pjaworski_metal/wn.png",
        "/assets/img/pjaworski_metal/wr.png",
        "/assets/img/pjaworski_metal/wb.png",
        "/assets/img/pjaworski_metal/wq.png",
        "/assets/img/pjaworski_metal/wk.png",
        "/assets/img/pjaworski_metal/bp.png",
        "/assets/img/pjaworski_metal/bn.png",
        "/assets/img/pjaworski_metal/bb.png",
        "/assets/img/pjaworski_metal/br.png",
        "/assets/img/pjaworski_metal/bq.png",
        "/assets/img/pjaworski_metal/bk.png",
        "/assets/graphs/pieces/pjaworski_ice.css",
        "/assets/img/pjaworski_ice/wp.png",
        "/assets/img/pjaworski_ice/wn.png",
        "/assets/img/pjaworski_ice/wr.png",
        "/assets/img/pjaworski_ice/wb.png",
        "/assets/img/pjaworski_ice/wq.png",
        "/assets/img/pjaworski_ice/wk.png",
        "/assets/img/pjaworski_ice/bp.png",
        "/assets/img/pjaworski_ice/bn.png",
        "/assets/img/pjaworski_ice/bb.png",
        "/assets/img/pjaworski_ice/br.png",
        "/assets/img/pjaworski_ice/bq.png",
        "/assets/img/pjaworski_ice/bk.png",
        "/assets/graphs/pieces/pjaworski_forest.css",
        "/assets/img/pjaworski_forest/wp.png",
        "/assets/img/pjaworski_forest/wn.png",
        "/assets/img/pjaworski_forest/wr.png",
        "/assets/img/pjaworski_forest/wb.png",
        "/assets/img/pjaworski_forest/wq.png",
        "/assets/img/pjaworski_forest/wk.png",
        "/assets/img/pjaworski_forest/bp.png",
        "/assets/img/pjaworski_forest/bn.png",
        "/assets/img/pjaworski_forest/bb.png",
        "/assets/img/pjaworski_forest/br.png",
        "/assets/img/pjaworski_forest/bq.png",
        "/assets/img/pjaworski_forest/bk.png",
        "/assets/graphs/pieces/pjaworski_bluelake.css",
        "/assets/img/pjaworski_bluelake/wp.png",
        "/assets/img/pjaworski_bluelake/wn.png",
        "/assets/img/pjaworski_bluelake/wr.png",
        "/assets/img/pjaworski_bluelake/wb.png",
        "/assets/img/pjaworski_bluelake/wq.png",
        "/assets/img/pjaworski_bluelake/wk.png",
        "/assets/img/pjaworski_bluelake/bp.png",
        "/assets/img/pjaworski_bluelake/bn.png",
        "/assets/img/pjaworski_bluelake/bb.png",
        "/assets/img/pjaworski_bluelake/br.png",
        "/assets/img/pjaworski_bluelake/bq.png",
        "/assets/img/pjaworski_bluelake/bk.png",
        "/assets/graphs/pieces/pjaworski_bluelake2.css",
        "/assets/img/pjaworski_bluelake2/wp.png",
        "/assets/img/pjaworski_bluelake2/wn.png",
        "/assets/img/pjaworski_bluelake2/wr.png",
        "/assets/img/pjaworski_bluelake2/wb.png",
        "/assets/img/pjaworski_bluelake2/wq.png",
        "/assets/img/pjaworski_bluelake2/wk.png",
        "/assets/img/pjaworski_bluelake2/bp.png",
        "/assets/img/pjaworski_bluelake2/bn.png",
        "/assets/img/pjaworski_bluelake2/bb.png",
        "/assets/img/pjaworski_bluelake2/br.png",
        "/assets/img/pjaworski_bluelake2/bq.png",
        "/assets/img/pjaworski_bluelake2/bk.png",
        "/assets/graphs/pieces/letters.css",
        "/assets/img/letters/wp.png",
        "/assets/img/letters/wn.png",
        "/assets/img/letters/wr.png",
        "/assets/img/letters/wb.png",
        "/assets/img/letters/wq.png",
        "/assets/img/letters/wk.png",
        "/assets/img/letters/bp.png",
        "/assets/img/letters/bn.png",
        "/assets/img/letters/bb.png",
        "/assets/img/letters/br.png",
        "/assets/img/letters/bq.png",
        "/assets/img/letters/bk.png",
        "/assets/graphs/pieces/cburnett.css",
        "/assets/img/cburnett/wp.svg",
        "/assets/img/cburnett/wn.svg",
        "/assets/img/cburnett/wr.svg",
        "/assets/img/cburnett/wb.svg",
        "/assets/img/cburnett/wq.svg",
        "/assets/img/cburnett/wk.svg",
        "/assets/img/cburnett/bp.svg",
        "/assets/img/cburnett/bn.svg",
        "/assets/img/cburnett/bb.svg",
        "/assets/img/cburnett/br.svg",
        "/assets/img/cburnett/bq.svg",
        "/assets/img/cburnett/bk.svg",
        "/assets/graphs/pieces/32bit_lucas312.css",
        "/assets/img/32bit_lucas312/wp.svg",
        "/assets/img/32bit_lucas312/wn.svg",
        "/assets/img/32bit_lucas312/wr.svg",
        "/assets/img/32bit_lucas312/wb.svg",
        "/assets/img/32bit_lucas312/wq.svg",
        "/assets/img/32bit_lucas312/wk.svg",
        "/assets/img/32bit_lucas312/bp.svg",
        "/assets/img/32bit_lucas312/bn.svg",
        "/assets/img/32bit_lucas312/bb.svg",
        "/assets/img/32bit_lucas312/br.svg",
        "/assets/img/32bit_lucas312/bq.svg",
        "/assets/img/32bit_lucas312/bk.svg",
        "/assets/graphs/pieces/cburnett_jp.css",
        "/assets/img/cburnett_jp/wp.svg",
        "/assets/img/cburnett_jp/wn.svg",
        "/assets/img/cburnett_jp/wr.svg",
        "/assets/img/cburnett_jp/wb.svg",
        "/assets/img/cburnett_jp/wq.svg",
        "/assets/img/cburnett_jp/wk.svg",
        "/assets/img/cburnett_jp/bp.svg",
        "/assets/img/cburnett_jp/bn.svg",
        "/assets/img/cburnett_jp/bb.svg",
        "/assets/img/cburnett_jp/br.svg",
        "/assets/img/cburnett_jp/bq.svg",
        "/assets/img/cburnett_jp/bk.svg",
        "/assets/graphs/pieces/ancient_set.css",
        "/assets/img/ancient_set/wp.png",
        "/assets/img/ancient_set/wn.png",
        "/assets/img/ancient_set/wr.png",
        "/assets/img/ancient_set/wb.png",
        "/assets/img/ancient_set/wq.png",
        "/assets/img/ancient_set/wk.png",
        "/assets/img/ancient_set/bp.png",
        "/assets/img/ancient_set/bn.png",
        "/assets/img/ancient_set/bb.png",
        "/assets/img/ancient_set/br.png",
        "/assets/img/ancient_set/bq.png",
        "/assets/img/ancient_set/bk.png",
        "/assets/graphs/pieces/new_metropol.css",
        "/assets/img/new_metropol/wp.png",
        "/assets/img/new_metropol/wn.png",
        "/assets/img/new_metropol/wr.png",
        "/assets/img/new_metropol/wb.png",
        "/assets/img/new_metropol/wq.png",
        "/assets/img/new_metropol/wk.png",
        "/assets/img/new_metropol/bp.png",
        "/assets/img/new_metropol/bn.png",
        "/assets/img/new_metropol/bb.png",
        "/assets/img/new_metropol/br.png",
        "/assets/img/new_metropol/bq.png",
        "/assets/img/new_metropol/bk.png",
        "/assets/graphs/boards/arcade.css",
        "/assets/graphs/boards/gray_eyes.css",
        "/assets/graphs/boards/peppermint.css",
        "/assets/graphs/boards/blackwhite.css",
        "/assets/graphs/boards/green2.css",
        "/assets/graphs/boards/polarizer.css",
        "/assets/graphs/boards/darkblue.css",
        "/assets/graphs/boards/purple.css",
        "/assets/graphs/boards/disa_board.css",
        "/assets/graphs/boards/middaysun.css",
        "/assets/graphs/boards/teal.css",
        "/assets/graphs/boards/disa_night.css",
        "/assets/graphs/boards/overheated_stain.css",
        "/assets/graphs/boards/webpunk.css",
        "/assets/graphs/boards/glass.css",
        "/assets/graphs/boards/paperice.css",
        "/assets/graphs/boards/wood.css",
        "/assets/img/br_main/arcade.png",
        "/assets/img/br_main/gray_eyes.png",
        "/assets/img/br_main/peppermint.png",
        "/assets/img/br_main/blackwhite.png",
        "/assets/img/br_main/green2.png",
        "/assets/img/br_main/polarizer.png",
        "/assets/img/br_main/darkblue.png",
        "/assets/img/br_main/jarechu.jpeg",
        "/assets/img/br_main/purple.png",
        "/assets/img/br_main/disa_board.png",
        "/assets/img/br_main/middaysun.png",
        "/assets/img/br_main/teal.png",
        "/assets/img/br_main/disa_night.png",
        "/assets/img/br_main/overheated_stain.png",
        "/assets/img/br_main/webpunk.png",
        "/assets/img/br_main/glass.png",
        "/assets/img/br_main/paperice.png",
        "/assets/img/br_main/wood.png",
        "/assets/img/br_main/26brown.png",
        "/assets/img/br_main/deepblue.png",
        "/assets/img/br_main/losangeles.png",
        "/assets/img/br_main/softlightblue.png",
        "/assets/img/br_main/26dmblue.png",
        "/assets/img/br_main/dmblue2.png",
        "/assets/img/br_main/midblue.png",
        "/assets/img/br_main/softpurple.png",
        "/assets/img/br_main/autumn.png",
        "/assets/img/br_main/field.png",
        "/assets/img/br_main/nightindesert.png",
        "/assets/img/br_main/someunix.png",
        "/assets/img/br_main/bluenblack.png",
        "/assets/img/br_main/iceberg.png",
        "/assets/img/br_main/revo.png",
        "/assets/img/br_main/twilight.png",
        "/assets/img/br_main/dbhc.png",
        "/assets/img/br_main/jelly.png",
        "/assets/img/br_main/softbrown.png",
        "/assets/graphs/boards/26brown.css",
        "/assets/graphs/boards/deepblue.css",
        "/assets/graphs/boards/losangeles.css",
        "/assets/graphs/boards/softlightblue.css",
        "/assets/graphs/boards/26dmblue.css",
        "/assets/graphs/boards/dmblue2.css",
        "/assets/graphs/boards/midblue.css",
        "/assets/graphs/boards/softpurple.css",
        "/assets/graphs/boards/autumn.css",
        "/assets/graphs/boards/field.css",
        "/assets/graphs/boards/nightindesert.css",
        "/assets/graphs/boards/someunix.css",
        "/assets/graphs/boards/bluenblack.css",
        "/assets/graphs/boards/iceberg.css",
        "/assets/graphs/boards/revo.css",
        "/assets/graphs/boards/twilight.css",
        "/assets/graphs/boards/dbhc.css",
        "/assets/graphs/boards/jelly.css",
        "/assets/graphs/boards/softbrown.css",
        "/assets/graphs/pieces/pjaworskim_mramor.css",
        "/assets/img/pjaworskim_mramor/wp.png",
        "/assets/img/pjaworskim_mramor/wn.png",
        "/assets/img/pjaworskim_mramor/wr.png",
        "/assets/img/pjaworskim_mramor/wb.png",
        "/assets/img/pjaworskim_mramor/wq.png",
        "/assets/img/pjaworskim_mramor/wk.png",
        "/assets/img/pjaworskim_mramor/bp.png",
        "/assets/img/pjaworskim_mramor/bn.png",
        "/assets/img/pjaworskim_mramor/bb.png",
        "/assets/img/pjaworskim_mramor/br.png",
        "/assets/img/pjaworskim_mramor/bq.png",
        "/assets/img/pjaworskim_mramor/bk.png",
        "/assets/graphs/pieces/pjaworskim_metal.css",
        "/assets/img/pjaworskim_metal/wp.png",
        "/assets/img/pjaworskim_metal/wn.png",
        "/assets/img/pjaworskim_metal/wr.png",
        "/assets/img/pjaworskim_metal/wb.png",
        "/assets/img/pjaworskim_metal/wq.png",
        "/assets/img/pjaworskim_metal/wk.png",
        "/assets/img/pjaworskim_metal/bp.png",
        "/assets/img/pjaworskim_metal/bn.png",
        "/assets/img/pjaworskim_metal/bb.png",
        "/assets/img/pjaworskim_metal/br.png",
        "/assets/img/pjaworskim_metal/bq.png",
        "/assets/img/pjaworskim_metal/bk.png",
        "/assets/graphs/pieces/pjaworskim_blue.css",
        "/assets/img/pjaworskim_blue/wp.png",
        "/assets/img/pjaworskim_blue/wn.png",
        "/assets/img/pjaworskim_blue/wr.png",
        "/assets/img/pjaworskim_blue/wb.png",
        "/assets/img/pjaworskim_blue/wq.png",
        "/assets/img/pjaworskim_blue/wk.png",
        "/assets/img/pjaworskim_blue/bp.png",
        "/assets/img/pjaworskim_blue/bn.png",
        "/assets/img/pjaworskim_blue/bb.png",
        "/assets/img/pjaworskim_blue/br.png",
        "/assets/img/pjaworskim_blue/bq.png",
        "/assets/img/pjaworskim_blue/bk.png",
        "/assets/graphs/pieces/pjaworski_muesli.css",
        "/assets/img/pjaworski_muesli/wp.png",
        "/assets/img/pjaworski_muesli/wn.png",
        "/assets/img/pjaworski_muesli/wr.png",
        "/assets/img/pjaworski_muesli/wb.png",
        "/assets/img/pjaworski_muesli/wq.png",
        "/assets/img/pjaworski_muesli/wk.png",
        "/assets/img/pjaworski_muesli/bp.png",
        "/assets/img/pjaworski_muesli/bn.png",
        "/assets/img/pjaworski_muesli/bb.png",
        "/assets/img/pjaworski_muesli/br.png",
        "/assets/img/pjaworski_muesli/bq.png",
        "/assets/img/pjaworski_muesli/bk.png",
        "/assets/graphs/fonts/caprasimo/*.woff2",
        "/assets/graphs/fonts/gabarito/*.woff2",
        "/assets/graphs/fonts/inter/*.woff2",
        "/assets/graphs/fonts/merriweather/*.woff2",
        "/assets/graphs/fonts/montserrat/*.woff2",
        "/assets/graphs/fonts/noto_sans/*.woff2",
        "/assets/graphs/fonts/nunito/*.woff2",
        "/assets/graphs/fonts/pixelify/*.woff2",
        "/assets/graphs/fonts/playfair/*.woff2",
        "/assets/graphs/fonts/poppins/*.woff2",
        "/assets/graphs/fonts/roboto/*.woff2",
        "/assets/graphs/fonts/roboto_condensed/*.woff2",
        "/assets/graphs/pieces/anarcandy.css",
        "/assets/img/anarcandy/wp.svg",
        "/assets/img/anarcandy/wn.svg",
        "/assets/img/anarcandy/wr.svg",
        "/assets/img/anarcandy/wb.svg",
        "/assets/img/anarcandy/wq.svg",
        "/assets/img/anarcandy/wk.svg",
        "/assets/img/anarcandy/bp.svg",
        "/assets/img/anarcandy/bn.svg",
        "/assets/img/anarcandy/bb.svg",
        "/assets/img/anarcandy/br.svg",
        "/assets/img/anarcandy/bq.svg",
        "/assets/img/anarcandy/bk.svg",
        "/assets/graphs/pieces/celtic.css",
        "/assets/img/celtic/wp.svg",
        "/assets/img/celtic/wn.svg",
        "/assets/img/celtic/wr.svg",
        "/assets/img/celtic/wb.svg",
        "/assets/img/celtic/wq.svg",
        "/assets/img/celtic/wk.svg",
        "/assets/img/celtic/bp.svg",
        "/assets/img/celtic/bn.svg",
        "/assets/img/celtic/bb.svg",
        "/assets/img/celtic/br.svg",
        "/assets/img/celtic/bq.svg",
        "/assets/img/celtic/bk.svg",
        "/assets/graphs/pieces/dbenbenn.css",
        "/assets/img/dbenbenn/wp.svg",
        "/assets/img/dbenbenn/wn.svg",
        "/assets/img/dbenbenn/wr.svg",
        "/assets/img/dbenbenn/wb.svg",
        "/assets/img/dbenbenn/wq.svg",
        "/assets/img/dbenbenn/wk.svg",
        "/assets/img/dbenbenn/bp.svg",
        "/assets/img/dbenbenn/bn.svg",
        "/assets/img/dbenbenn/bb.svg",
        "/assets/img/dbenbenn/br.svg",
        "/assets/img/dbenbenn/bq.svg",
        "/assets/img/dbenbenn/bk.svg",
        "/assets/graphs/pieces/fantasy.css",
        "/assets/img/fantasy/wp.svg",
        "/assets/img/fantasy/wn.svg",
        "/assets/img/fantasy/wr.svg",
        "/assets/img/fantasy/wb.svg",
        "/assets/img/fantasy/wq.svg",
        "/assets/img/fantasy/wk.svg",
        "/assets/img/fantasy/bp.svg",
        "/assets/img/fantasy/bn.svg",
        "/assets/img/fantasy/bb.svg",
        "/assets/img/fantasy/br.svg",
        "/assets/img/fantasy/bq.svg",
        "/assets/img/fantasy/bk.svg",
        "/assets/graphs/pieces/gioco.css",
        "/assets/img/gioco/wp.svg",
        "/assets/img/gioco/wn.svg",
        "/assets/img/gioco/wr.svg",
        "/assets/img/gioco/wb.svg",
        "/assets/img/gioco/wq.svg",
        "/assets/img/gioco/wk.svg",
        "/assets/img/gioco/bp.svg",
        "/assets/img/gioco/bn.svg",
        "/assets/img/gioco/bb.svg",
        "/assets/img/gioco/br.svg",
        "/assets/img/gioco/bq.svg",
        "/assets/img/gioco/bk.svg",
        "/assets/graphs/pieces/leipzig.css",
        "/assets/img/leipzig/wp.svg",
        "/assets/img/leipzig/wn.svg",
        "/assets/img/leipzig/wr.svg",
        "/assets/img/leipzig/wb.svg",
        "/assets/img/leipzig/wq.svg",
        "/assets/img/leipzig/wk.svg",
        "/assets/img/leipzig/bp.svg",
        "/assets/img/leipzig/bn.svg",
        "/assets/img/leipzig/bb.svg",
        "/assets/img/leipzig/br.svg",
        "/assets/img/leipzig/bq.svg",
        "/assets/img/leipzig/bk.svg",
        "/assets/graphs/pieces/maestro.css",
        "/assets/img/maestro/wp.svg",
        "/assets/img/maestro/wn.svg",
        "/assets/img/maestro/wr.svg",
        "/assets/img/maestro/wb.svg",
        "/assets/img/maestro/wq.svg",
        "/assets/img/maestro/wk.svg",
        "/assets/img/maestro/bp.svg",
        "/assets/img/maestro/bn.svg",
        "/assets/img/maestro/bb.svg",
        "/assets/img/maestro/br.svg",
        "/assets/img/maestro/bq.svg",
        "/assets/img/maestro/bk.svg",
        "/assets/graphs/pieces/staunty.css",
        "/assets/img/staunty/wp.svg",
        "/assets/img/staunty/wn.svg",
        "/assets/img/staunty/wr.svg",
        "/assets/img/staunty/wb.svg",
        "/assets/img/staunty/wq.svg",
        "/assets/img/staunty/wk.svg",
        "/assets/img/staunty/bp.svg",
        "/assets/img/staunty/bn.svg",
        "/assets/img/staunty/bb.svg",
        "/assets/img/staunty/br.svg",
        "/assets/img/staunty/bq.svg",
        "/assets/img/staunty/bk.svg",
        "/assets/graphs/pieces/cardinal.css",
        "/assets/img/cardinal/wp.svg",
        "/assets/img/cardinal/wn.svg",
        "/assets/img/cardinal/wr.svg",
        "/assets/img/cardinal/wb.svg",
        "/assets/img/cardinal/wq.svg",
        "/assets/img/cardinal/wk.svg",
        "/assets/img/cardinal/bp.svg",
        "/assets/img/cardinal/bn.svg",
        "/assets/img/cardinal/bb.svg",
        "/assets/img/cardinal/br.svg",
        "/assets/img/cardinal/bq.svg",
        "/assets/img/cardinal/bk.svg",
        "/assets/graphs/pieces/chess7.css",
        "/assets/img/chess7/wp.svg",
        "/assets/img/chess7/wn.svg",
        "/assets/img/chess7/wr.svg",
        "/assets/img/chess7/wb.svg",
        "/assets/img/chess7/wq.svg",
        "/assets/img/chess7/wk.svg",
        "/assets/img/chess7/bp.svg",
        "/assets/img/chess7/bn.svg",
        "/assets/img/chess7/bb.svg",
        "/assets/img/chess7/br.svg",
        "/assets/img/chess7/bq.svg",
        "/assets/img/chess7/bk.svg",
        "/assets/graphs/pieces/dubrovny.css",
        "/assets/img/dubrovny/wp.svg",
        "/assets/img/dubrovny/wn.svg",
        "/assets/img/dubrovny/wr.svg",
        "/assets/img/dubrovny/wb.svg",
        "/assets/img/dubrovny/wq.svg",
        "/assets/img/dubrovny/wk.svg",
        "/assets/img/dubrovny/bp.svg",
        "/assets/img/dubrovny/bn.svg",
        "/assets/img/dubrovny/bb.svg",
        "/assets/img/dubrovny/br.svg",
        "/assets/img/dubrovny/bq.svg",
        "/assets/img/dubrovny/bk.svg",
        "/assets/graphs/pieces/fresca.css",
        "/assets/img/fresca/wp.svg",
        "/assets/img/fresca/wn.svg",
        "/assets/img/fresca/wr.svg",
        "/assets/img/fresca/wb.svg",
        "/assets/img/fresca/wq.svg",
        "/assets/img/fresca/wk.svg",
        "/assets/img/fresca/bp.svg",
        "/assets/img/fresca/bn.svg",
        "/assets/img/fresca/bb.svg",
        "/assets/img/fresca/br.svg",
        "/assets/img/fresca/bq.svg",
        "/assets/img/fresca/bk.svg",
        "/assets/graphs/pieces/icpieces.css",
        "/assets/img/icpieces/wp.svg",
        "/assets/img/icpieces/wn.svg",
        "/assets/img/icpieces/wr.svg",
        "/assets/img/icpieces/wb.svg",
        "/assets/img/icpieces/wq.svg",
        "/assets/img/icpieces/wk.svg",
        "/assets/img/icpieces/bp.svg",
        "/assets/img/icpieces/bn.svg",
        "/assets/img/icpieces/bb.svg",
        "/assets/img/icpieces/br.svg",
        "/assets/img/icpieces/bq.svg",
        "/assets/img/icpieces/bk.svg",
        "/assets/graphs/pieces/libra.css",
        "/assets/img/libra/wp.svg",
        "/assets/img/libra/wn.svg",
        "/assets/img/libra/wr.svg",
        "/assets/img/libra/wb.svg",
        "/assets/img/libra/wq.svg",
        "/assets/img/libra/wk.svg",
        "/assets/img/libra/bp.svg",
        "/assets/img/libra/bn.svg",
        "/assets/img/libra/bb.svg",
        "/assets/img/libra/br.svg",
        "/assets/img/libra/bq.svg",
        "/assets/img/libra/bk.svg",
        "/assets/graphs/pieces/spatial.css",
        "/assets/img/spatial/wp.svg",
        "/assets/img/spatial/wn.svg",
        "/assets/img/spatial/wr.svg",
        "/assets/img/spatial/wb.svg",
        "/assets/img/spatial/wq.svg",
        "/assets/img/spatial/wk.svg",
        "/assets/img/spatial/bp.svg",
        "/assets/img/spatial/bn.svg",
        "/assets/img/spatial/bb.svg",
        "/assets/img/spatial/br.svg",
        "/assets/img/spatial/bq.svg",
        "/assets/img/spatial/bk.svg",
        "/assets/graphs/pieces/tatiana.css",
        "/assets/img/tatiana/wp.svg",
        "/assets/img/tatiana/wn.svg",
        "/assets/img/tatiana/wr.svg",
        "/assets/img/tatiana/wb.svg",
        "/assets/img/tatiana/wq.svg",
        "/assets/img/tatiana/wk.svg",
        "/assets/img/tatiana/bp.svg",
        "/assets/img/tatiana/bn.svg",
        "/assets/img/tatiana/bb.svg",
        "/assets/img/tatiana/br.svg",
        "/assets/img/tatiana/bq.svg",
        "/assets/img/tatiana/bk.svg"
      ],
      "matches": [
        "<all_urls>"
      ]
    }
  ],
  "content_scripts": [
    {
      "matches": [
        "*://www.chess.com/*",
        "*://chess.com/"
      ],
      "js": [
        "/assets/js/content.js"
      ],
      "css": [
        "/assets/graphs/main.css"
      ],
      "run_at": "document_start"
    }
  ],
  "background": {
    "service_worker": "/assets/js/background.js",
    "type": "module"
  },
  "permissions": [
    "storage"
  ]
}